use_case_id,last_updated_date_time,published_date_time,user_id,description,status,id,title
10003,2024-10-09 12:00:00,2024-10-08 12:00:00,10002,Stars by average,,,Stars by average
10064,,2024-12-02 01:23:10.891,,"This analysis focuses on examining the relationship between different attraction categories and their corresponding review likes count. The insight garnered will help understand which attraction categories are popular and appreciated by the public, offering valuable data for determining areas of focus and improvement.",open,10002,Attraction Categories and Their Review Likes Count Analysis
10066,,2024-12-02 01:24:48.234,,"""This analysis showcases the correlation between different attraction categories and the count of likes each attraction receives on its reviews. By utilizing the dimensions of Attractions.categoryname and measures of AttractionsReviews.reviewsLikescount, it provides valuable insights into user interaction and attraction popularity.""",open,10002,Attraction Categories and Associated Review Likes Analysis
10006,2024-10-09 12:00:00,2024-10-08 12:00:00,10002,"Displays the average number of likes received on posts, reviews, or recommendations about tourist spots. Helps identify popular destinations or content trends.",Open,,Average likes
10007,2024-10-09 12:00:00,2024-10-08 12:00:00,," Highlights the location with the highest engagement, such as the most reviews, check-ins, or social media mentions. A valuable indicator of trending attractions.",Open,10002,Most popular place
10010,2024-10-09 12:00:00,2024-10-08 12:00:00,,"Recommends the top-rated tourist destination based on user reviews, ratings, and aggregated feedback. Ideal for guiding travelers to must-visit locations.",Open,10002,Best place to visit
10011,2024-10-09 12:00:00,2024-10-08 12:00:00,,"Tracks the most recent visit to a specific location by users or tourists, providing insights into visitation trends and activity recency.",Open,10002,Last time visited
10013,2024-10-09 12:00:00,2024-10-08 12:00:00,," Lists popular restaurants in a specific area, complete with ratings, reviews, and specialties. Aimed at enhancing dining experiences for tourists.

",Open,10002,Restaurants in area
10016,2024-10-09 12:00:00,2024-10-08 12:00:00,,"Identifies the highest-rated park in a particular region, considering factors like amenities, visitor feedback, and scenic beauty. Perfect for nature enthusiasts.",Open,10002,Best park in region
10022,2024-10-09 12:00:00,2024-10-08 12:00:00,10002,"Showcases newly opened attractions, restaurants, or venues in the area, offering fresh options for explorers and tourists seeking something new.",Open,10002,Newest places
10042,,2024-11-21 23:34:40.057,,"This analysis presents a comprehensive view of the various attractions categories, quantified by the count of likes received on their reviews. It offers an understanding of which attraction categories are receiving the most positive interaction and can be a powerful tool for planning and decision-making.",open,10002,Attraction Category Analysis Based on Review Likes
